Analysis,Model,N_units,Unit_type,N_predictions,Pooled_R2,Pooled_R2_bootstrap_SD,Pooled_MAE,Pooled_MAE_bootstrap_SD,Pooled_RMSE,Pooled_RMSE_bootstrap_SD,Pooled_Residuals_SD,Mean_R2_across_units,SD_R2_across_units,Mean_MAE_across_units,SD_MAE_across_units,Mean_RMSE_across_units,SD_RMSE_across_units,Mean_Overlap_Train_Test_Molecules
LOMO,RandomForestOpt1,71.0,molecules,6210,0.9442496666878185,0.0022770053783477103,2.7661623671497586,0.05169008649159132,5.033856902737073,0.10125068378833114,5.033510449546542,0.8501622922141939,0.2934198764541423,3.650439548853165,3.6937186490887766,4.049881946956529,4.013199807397044,0.0
RandomRowSplit,RandomForestOpt1,50.0,splits,62100,0.9959791890674334,8.701093438622826e-05,0.8390184100912513,0.004256793550188958,1.3562700939958028,0.014896086454057413,1.3562543229168018,0.995973495135847,0.0008109715161394303,0.8390184100912513,0.03286095350187947,1.3509030768358286,0.12176191582671463,70.94
Difference(RandomRowSplit-LOMO),RandomForestOpt1,,,55890,0.05172952237961492,,-1.9271439570585072,,-3.67758680874127,,-3.6772561266297403,0.14581120292165306,,-2.8114211387619137,,-2.6989788701207007,,70.94
